Euclidean Train Loss,Hyperbolic Train Loss,Euclidean Test Loss,Hyperbolic Test Loss
0.17674846676841235,193.42183703257282,0.09186412394046783,0.6821959018707275
0.08247086808101345,9.416517418740654,0.06872841715812683,0.07998542487621307
0.07945329349651026,2.4590027730756914,0.07191449403762817,0.06997156888246536
