Euclidean Train Loss,Hyperbolic Train Loss,Euclidean Test Loss,Hyperbolic Test Loss
0.10188118159262068,991708.0674472044,0.0735308825969696,130.23243713378906
0.0686633711444212,508118625.7688022,0.06834638863801956,25835.759765625
0.06901640561086264,514323.65763895283,0.0686129629611969,26.91779899597168
